id,nama,email,no_hp,tanggal_daftar,status
1,Sri Santoso,sri251@yahoo.com,08131819600,2019-01-19,Aktif
2,Febri Santoso,febri734@ymail.com,08513794026,25-10-2021,aktif
3,BAGAS KUSUMA,bagas100@outlook.com,08239407816,19 Nov 2018,AKTIF
4,Galih Nugroho,fitri551@gmail.com,08113413164,2023/02/01,PENDING
5,Dian Nugroho,dian687@outlook.com,08129283276,2021/01/10,pending
6,Yuni Setiawan,yuni795@gmail.com,08210564139,2021-07-12,nonaktiff
7,rUDI LaKsoNO,rudi157@yahoo.com,08519166978,26 Oct 2020,suspend
8,Budi Kusuma,budi550@outlook.com,08231462704,2023-08-13,Nonaktif
9,Andi Purnomo,andi520@ymail.com,08212528809,2021-20-08,aktif
10,Fajar Purnomo,fajar247@ymail.com,08121718227,2024-03-01,Aktif
11,Febri Saputra,febri952@ymail.com,08214657871,2020-10-12,aktif
12,Siti Ramadhan,siti603@yahoo.com,08111031051,2023-10-07,AKTIF
13,Bambang Wibowo,bambang741@ymail.com,08587376311,01-11-2022,nonaktif
14,Doni Rahayu,doni662@gmail.com,08116513338,2023-01-12,nonaktif
15,Fauzi Laksono,fauzi946@gmail.com,08528108013,2019-13-11,nonaktif
16,Hendra Hartono,hendra169@hotmail.com,08116474687,2019-09-27,AKTIF
17,Dewi Ramadhan,dewi63@outlook.com,08110978820,2023-09-12,panding
18,rizki iskandar,rizki883@yahoo.com,08511939909,2018-02-12,nonaktiff
19,Nisa Firmansyah,nisa268@yahoo.com,08233462475,2018-10-25,nonaktif
20,NISA KUSUMA,nisa219@ymail.com,08222513542,30 Nov 2022,pending
21,galih firmansyah,galih837@ymail.com,08221241182,20-01-2021,NON AKTIF
22,Bagas Wibowo,bagas874@outlook.com,08537401640,15-01-2018,Pending
23,Mega Sari,mega565@hotmail.com,08530112805,13 Jul 2024,aktif
24,Muhammad Rahayu,muhammad921@gmail.com,08233315869,2019-09-26,suspend
25,agus saputra,agus755@outlook.com,08513421607,2020-06-30,PENDING
26,Doni Nugroho,doni815@yahoo.com,08210365414,2021/12/09,Nonaktif
27,Wulan Setiawan,wulan119@outlook.com,08139401965,2021-08-07,NON AKTIF
28,Ratna Kusuma,ratna591@yahoo.com,08220608835,2022-11-02,Suspend
29,Bagas Iskandar,bagas869@gmail.com,08228465648,2019-06-06,nonaktif
30,Ayu Sari,ayu309@hotmail.com,08530443699,2021-12-08,nonaktif
31,Hendra Firmansyah,hendra923@yahoo.com,08124895134,2020-07-09,aktif
32,Ahmad Hidayat,ahmad626@gmail.com,08526936763,2019/08/28,pending
33,Andi Saputra,andi824@ymail.com,08520831727,16 Dec 2023,NON AKTIF
34,Maya Iskandar,maya914@ymail.com,08518727743,09 Feb 2021,nonaktif
35,Reza Susanto,reza731@outlook.com,08214558122,2020-05-08,pending
36,Hendra Wijaya,hendra339@ymail.com,08526036690,2024-16-06,nonaktif
37,Putri Purnomo,putri874@hotmail.com,08538937346,2023-06-13,nonaktif
38,Rudi Sari,rudi942@yahoo.com,08588069901,2022-10-22,suspend
39,Agus Rahayu,agus336@yahoo.com,08525564641,2023-04-11,pending
40,Dewi Nugroho,dewi71@gmail.com,08113309232,2023/04/24,aktif
41,Hendra Laksono,hendra786@outlook.com,08139912419,16-04-2018,Nonaktif
42,Ayu Hartono,ayu204@gmail.com,08583149190,23 Nov 2021,nonaktif
43,Fajar Wijaya,fajar350@gmail.com,08517165726,2019/12/23,Nonaktif
44,Fauzi Iskandar,fauzi552@hotmail.com,08526945314,2023-01-21,Pending
45,Nisa Iskandar,nisa345@gmail.com,08525273545,19 Feb 2021,pending
46,fauzi hakim,fauzi971@yahoo.com,08123678377,2023-01-10,aktif
47,Yuni Hartono,yuni314@ymail.com,08237885685,2021/12/12,nonaktif
48,Wahyu Susanto,wahyu739@yahoo.com,08231823374,11 Aug 2024,NON AKTIF
49,Andi Wibowo,andi370@yahoo.com,08220824008,2021/04/11,Suspend
50,Bambang Kusuma,bambang588@outlook.com,08527752047,2019-04-13,nonaktif
51,Rizki Ramadhan,rizki55@yahoo.com,08139413186,19 Oct 2024,Pending
52,Yuni Firmansyah,yuni931@hotmail.com,08229649909,2019-02-11,non-aktif
53,mega wiJAyA,mega947@outlook.com,08583618324,2019-08-06,aktif
54,Wahyu Iskandar,wahyu583@outlook.com,08521746488,2023-16-07,aktif
55,Ahmad Saputra,ahmad619@outlook.com,08111399049,2018-06-14,nonaktif
56,MAya sUSaNtO,maya834@ymail.com,08117154516,2023-10-09,nonaktiff
57,Wulan Laksono,wulan193@ymail.com,08239770348,21-06-2019,nonaktif
58,bambang kusuma,bambang646@ymail.com,08212480861,2020-07-09,nonaktif
59,Sri Pratama,sri734@outlook.com,08534677378,2019-16-08,Aktif
60,Febri Firmansyah,febri140@gmail.com,08226584044,01 Aug 2024,suspand
61,Bambang Pratama,bambang496@outlook.com,08238867533,2024-31-05,Aktif
62,Sari Rahayu,sari485@hotmail.com,08512702895,2019-16-02,aktif
63,Doni Santoso,doni420@yahoo.com,08127459615,2023-26-12,Suspend
64,bambang hakim,bambang71@yahoo.com,08223161172,2021-05-11,aktif
65,Dewi Purnomo,dewi442@yahoo.com,08218692221,2024-01-11,non-aktif
66,Reza Permana,reza147@yahoo.com,08524740748,2019-10-10,nonaktif
67,Putri Ramadhan,putri986@hotmail.com,08227436713,12 Apr 2022,aktip
68,lestari purnomo,lestari850@hotmail.com,08220909743,22-10-2024,Aktif
69,Fitri Iskandar,sari486@outlook.com,08120470952,05-01-2019,aktiff
70,Sari Sari,sari806@ymail.com,08238842474,2021-10-19,nonaktif
71,Rizki Pratama,rizki232@hotmail.com,08535160481,06-02-2023,pending
72,Mega Ramadhan,mega654@outlook.com,08123709859,2020/06/25,aktif
73,Doni Purnomo,doni120@yahoo.com,08110471138,2019-10-07,nonaktif
74,Wulan Saputra,fauzi74@outlook.com,08511796405,2020-08-06,nonaktif
75,REZA NUGROHO,reza703@outlook.com,08535064317,2019/01/11,Aktif
76,febri santoso,febri342@yahoo.com,08139318393,12-08-2020,Pending
77,Febri Santoso,febri149@yahoo.com,08534210205,01 Sep 2020,AKTIF
78,agus susanto,agus760@hotmail.com,08531177589,2019-23-03,Nonaktif
79,Galih Rahayu,galih931@ymail.com,08227007661,2023/07/02,suspend
80,Rizki Wijaya,rizki152@gmail.com,08134998569,14-12-2023,nonaktif
81,FEBRI SAPUTRA,febri719@gmail.com,08533673657,2022-22-06,pending
82,Indah Saputra,indah262@outlook.com,08137111161,2022-03-07,Nonaktif
83,Eko Hakim,eko687@gmail.com,08515604945,01 Mar 2019,Nonaktif
84,Rina Permana,rina111@outlook.com,08535149368,21 Dec 2024,pending
85,Surya Santoso,surya674@outlook.com,08112445502,10 Aug 2019,nonaktiff
86,Rizki Pratama,rizki996@gmail.com,08128366752,24-02-2022,pending
87,NISA ISKANDAR,nisa54@yahoo.com,08139014767,2024-22-10,nonaktif
88,HENDRA FIRMANSYAH,hendra441@gmail.com,08229784036,2024-09-20,aktif
89,Wahyu Wibowo,wahyu783@outlook.com,08225107622,07 Apr 2022,pending
90,Ratna Hakim,ratna826@outlook.com,08126060715,2024-16-06,Nonaktif
91,SARI PURNOMO,sari22@outlook.com,08139751613,20 Nov 2022,nonaktif
92,Nur Hartono,nur764@outlook.com,08215218188,05-03-2020,aktiff
93,RINA HIDAYAT,rina263@yahoo.com,08139212779,2024-01-07,pending
94,Nisa Iskandar,nisa995@outlook.com,08137177449,19-08-2018,Nonaktif
95,Wahyu Laksono,wahyu59@outlook.com,08221199867,05 Jul 2024,Suspend
96,Ahmad Laksono,ahmad586@yahoo.com,08239782071,2021/11/07,aktif
97,Agus Rahayu,agus449@hotmail.com,08538925546,02-08-2022,pending
98,dewi setiawan,dewi97@ymail.com,08514492519,03-08-2019,AKTIF
99,Rudi Pratama,rudi961@gmail.com,08228652816,14-09-2023,aktif
100,Wahyu Sari,wahyu350@hotmail.com,08213221418,2024/01/20,suspend
101,Ahmad Setiawan,ahmad633@yahoo.com,08586222927,2018-28-06,aktip
102,Reza Laksono,reza771@hotmail.com,08218347359,2022-10-12,Pending
103,Ayu Firmansyah,ayu990@yahoo.com,08219240758,2019/02/25,panding
104,SRI PURNOMO,sri165@outlook.com,08528261375,2018-20-04,aktif
105,Ratna Nugroho,ratna84@outlook.com,08210515220,2021-21-03,pending
106,Muhammad Permana,muhammad6@gmail.com,08114328986,01-04-2019,Aktif
107,Sri Rahayu,sri655@ymail.com,08521179808,2024-06-13,pending
108,lestari saputra,lestari362@yahoo.com,08586218518,07 Feb 2024,Pending
109,ratna hakim,ratna895@hotmail.com,08116540515,2020/09/14,nonaktiff
110,Andi Ramadhan,andi341@yahoo.com,08115852772,2019-07-07,pending
111,Doni Rahayu,doni45@yahoo.com,08115486874,2018/05/30,Aktif
112,Putri Rahayu,putri340@outlook.com,08125667652,2023/07/26,Nonaktif
113,Hendro Susanto,hendro745@hotmail.com,08126928451,24-11-2018,nonaktiff
114,Wahyu Laksono,wahyu437@yahoo.com,08525705964,2018-08-23,pending
115,Rudi Nugroho,rudi768@yahoo.com,08112970213,09-02-2022,nonaktif
116,Nisa Rahayu,nisa696@hotmail.com,08235719285,19-06-2022,nonaktiff
117,reza kusuma,reza191@hotmail.com,08536814473,11-11-2024,pending
118,BAMBANG WIBOWO,bambang874@gmail.com,08522715518,30-01-2024,suspend
119,Dian Sari,dian521@yahoo.com,08123237058,02-06-2024,nonaktif
120,Surya Pratama,surya89@gmail.com,08226786691,29-05-2019,nonaktiff
121,Maya Laksono,hendra602@ymail.com,08539226801,2023-10-24,AKTIF
122,Dian Setiawan,dian231@outlook.com,08534143842,25 May 2021,Nonaktif
123,Ratna Sari,ratna595@yahoo.com,08139959001,2018/07/06,Pending
124,Mega Wibowo,mega427@ymail.com,08117844736,2021-03-05,aktif
125,Dewi Sari,dewi496@hotmail.com,08215925556,20-06-2019,Nonaktif
126,Andi Setiawan,andi126@outlook.com,08523210469,2022-09-09,SUSPEND
127,Dian Setiawan,dian739@outlook.com,08212787747,2018-04-05,Suspend
128,Ratna Laksono,hendro164@hotmail.com,08230047974,2024-01-08,panding
129,Teguh Pratama,teguh745@outlook.com,08515060983,24 Jan 2022,AKTIF
130,Ayu Firmansyah,ayu564@outlook.com,08589121655,03-04-2024,Pending
131,Fitri Iskandar,fitri513@gmail.com,08110257872,19 Oct 2024,aktif
132,GAliH SeTiAWAN,galih743@gmail.com,08587499309,2023-05-22,Nonaktif
133,GaLih hArTONO,galih64@yahoo.com,08533857865,2019-11-12,suspend
134,Bagas Hakim,bagas791@outlook.com,08587334843,04-05-2021,pending
135,Bambang Setiawan,bambang574@outlook.com,08221986652,2021-04-04,AKTIF
136,Nur Nugroho,nur672@outlook.com,08523384842,24 Mar 2019,pending
137,reza hidayat,reza927@ymail.com,08213016571,2019-07-18,SUSPEND
138,Dian Saputra,dian902@hotmail.com,08523454019,09 Aug 2020,pending
139,Ahmad Sari,ahmad858@yahoo.com,08116724004,15 May 2024,aktif
140,Bagas Purnomo,bagas657@ymail.com,08537287431,2021-09-16,pending
141,mega sari,mega346@outlook.com,08583296685,2018-22-12,pending
142,Agus Pratama,agus959@yahoo.com,08114637454,2024/07/13,Nonaktif
143,Mega Nugroho,mega64@gmail.com,08524268414,14 Feb 2022,Aktif
144,MUhAmMAd PErmAnA,muhammad64@ymail.com,08533982258,2022-12-15,pending
145,EKO PERMANA,eko523@hotmail.com,08117286790,2024-07-04,pending
146,Wahyu Santoso,wahyu837@gmail.com,08219106518,2018-09-04,suspand
147,Citra Rahayu,citra185@yahoo.com,08515676618,2019/06/29,suspend
148,Sri Sari,sri403@ymail.com,08133004786,2023-19-12,PENDING
149,Reza Laksono,reza283@yahoo.com,08120690331,18 Feb 2019,aktif
150,Febri Rahayu,mega654@outlook.com,08523830284,2020/08/17,NON AKTIF
151,Nisa Iskandar,nisa839@outlook.com,08214283644,07 Sep 2018,Suspend
152,Agus Saputra,agus49@outlook.com,08518566246,24 Jan 2020,nonaktif
153,Yuni Purnomo,yuni148@hotmail.com,08118668826,21-09-2020,Aktif
154,Nur Laksono,nur95@ymail.com,08210469901,10 Feb 2020,pending
155,Surya Wibowo,surya891@outlook.com,08220331739,2020-17-04,Suspend
156,Surya Setiawan,surya390@hotmail.com,08535445877,2019/02/08,nonaktif
157,Indah Wibowo,indah424@gmail.com,08583204899,07-09-2022,aktif
158,Bagas Hidayat,bagas854@yahoo.com,08528547772,2021-12-13,aktif
159,WULAN PermAna,wulan224@ymail.com,08525099770,28 Jan 2018,Nonaktif
160,Budi Santoso,budi282@ymail.com,08220862118,2019-09-02,Aktif
161,Hendro Susanto,hendro274@hotmail.com,08125679334,2018/11/27,suspand
162,Ahmad Wijaya,ahmad387@ymail.com,08520021765,2024-05-06,suspend
163,Ahmad Hidayat,ahmad889@ymail.com,08524014890,05-01-2020,aktif
164,HENdRA RAmADHaN,hendra355@gmail.com,08126315999,13-06-2022,aktif
165,Fauzi Laksono,fauzi365@ymail.com,08516296194,2020/10/06,aktif
166,Fauzi Pratama,fauzi803@yahoo.com,08515511047,14-01-2022,aktif
167,Nur Sari,nur571@ymail.com,08536101581,11 Sep 2024,Pending
168,Ayu Santoso,ayu398@gmail.com,08533982622,06-01-2021,Aktif
169,riNa WiJaya,rina406@outlook.com,08586575692,15-05-2021,NON AKTIF
170,Fitri Permana,fitri988@hotmail.com,08234793564,29-05-2022,aktif
171,Nisa Wibowo,nisa559@yahoo.com,08530737416,2023-08-08,non-aktif
172,Reza Susanto,reza733@hotmail.com,08511797968,2023/09/07,nonaktif
173,Ahmad Nugroho,ahmad832@ymail.com,08581135290,2024/04/25,pending
174,Rudi Setiawan,rudi441@gmail.com,08111438889,2024-06-14,nonaktif
175,Rudi Laksono,rudi603@ymail.com,08135071461,2019/04/21,aktif
176,Wahyu Setiawan,wahyu212@ymail.com,08525717751,2021-05-14,PENDING
177,Sri Santoso,sri664@gmail.com,08133828258,2022-13-10,Aktif
178,RuDI sari,fitri373@gmail.com,08581825537,12-04-2019,pending
179,Bambang Firmansyah,bambang321@ymail.com,08519691557,2024-12-03,PENDING
180,Wahyu Iskandar,wahyu689@yahoo.com,08231341252,2023-24-09,nonaktif
181,Muhammad Ramadhan,muhammad191@hotmail.com,08532827422,2021-12-07,non-aktif
182,Putri Santoso,putri200@hotmail.com,08538767677,2019-11-17,Nonaktif
183,yuni purnomo,yuni231@ymail.com,08222797881,2024-06-03,Aktif
184,Wulan Nugroho,wulan775@gmail.com,08528361340,17-01-2023,aktiff
185,Nur Laksono,nur121@yahoo.com,08219596292,2020-04-26,PENDING
186,Nisa Nugroho,nisa612@ymail.com,08135449481,2019-10-07,Suspend
187,Fauzi Pratama,fauzi136@yahoo.com,08135367294,2022-24-08,nonaktif
188,Nur Hartono,fitri135@outlook.com,08527590175,17 Sep 2018,nonaktif
189,Teguh Wibowo,teguh331@outlook.com,08238929750,2018-07-08,non-aktif
190,DONI SANTOSO,doni879@yahoo.com,08527063242,2021-01-27,nonaktiff
191,Mega Wijaya,mega926@yahoo.com,08116436110,2020-24-05,aktif
192,Eko Hidayat,eko456@gmail.com,08115162713,2022-04-19,pending
193,Andi Kusuma,andi903@outlook.com,08136221890,2024/11/04,Aktif
194,Putri Wibowo,rizki515@gmail.com,08587311219,22-04-2022,SUSPEND
195,Indah Pratama,indah661@gmail.com,08218999404,21 Apr 2020,NON AKTIF
196,Fitri Hartono,fitri56@yahoo.com,08526137918,19-02-2018,Suspend
197,Muhammad Hartono,muhammad583@hotmail.com,08238271091,26-02-2018,Aktif
198,Dewi Hartono,dewi644@ymail.com,08516618892,2021-02-10,AKTIF
199,Ratna Wibowo,ratna160@ymail.com,08236914630,2020-09-28,Suspend
200,Sri Laksono,sri57@outlook.com,08131020275,13 Nov 2023,Pending
201,Mega Sari,mega768@outlook.com,08120564814,2024/06/19,aktif
202,Doni Firmansyah,doni512@ymail.com,08135241913,2023-09-16,aktif
203,budi hidayat,budi373@hotmail.com,08132086353,2022/09/01,AKTIF
204,Rizki Ramadhan,rizki515@gmail.com,08133806174,26-06-2021,aktif
205,Doni Santoso,doni299@ymail.com,08229375973,2024-02-17,aktif
206,Sari Santoso,sari355@gmail.com,08230641383,2022-16-09,SUSPEND
207,RINA SUSANTO,rina944@yahoo.com,08536571918,2019/07/01,PENDING
208,Rizki Ramadhan,rizki446@yahoo.com,08214456557,2021-01-18,aktif
209,Fitri Pratama,fitri599@gmail.com,08131277561,05-01-2024,SUSPEND
210,Hendra Laksono,hendra272@gmail.com,08122490352,2019/01/09,Aktif
211,Putri Hartono,rizki515@gmail.com,08222067883,2019-23-01,aktif
212,muhammad kusuma,muhammad851@yahoo.com,08133651994,2018-11-04,suspand
213,Fitri Laksono,fitri95@outlook.com,08120702966,2023-07-26,nonaktif
214,Teguh Sari,teguh931@yahoo.com,08224720999,2020/10/03,AKTIF
215,Sari Hakim,sari90@outlook.com,08512638380,2022/04/16,aktip
216,Wulan Permana,wulan580@ymail.com,08236420593,01-05-2018,aktif
217,Citra Firmansyah,citra599@yahoo.com,08131334803,2024-16-06,aktiff
218,Agus Sari,agus326@outlook.com,08580599293,10 Jul 2023,AKTIF
219,BAMBANG RAHAYU,bambang239@ymail.com,08210870593,19-06-2019,pending
220,indah rahayu,indah601@yahoo.com,08128515691,10-10-2021,AKTIF
221,Dian Saputra,dian984@hotmail.com,08232895392,30-03-2022,pending
222,lESTARi PRAtama,lestari356@outlook.com,08131570433,05-10-2018,Aktif
223,andi santoso,andi449@hotmail.com,08136765861,18 May 2023,nonaktiff
224,Yuni Sari,yuni819@gmail.com,08220541152,2022-03-18,pending
225,Surya Wijaya,surya629@hotmail.com,08116296201,2021-09-18,SUSPEND
226,Sari Hakim,sari748@ymail.com,08224431069,2024-01-03,aktif
227,Fajar Santoso,fajar302@ymail.com,08523103241,2023-04-24,AKTIF
228,Rudi Permana,rudi677@outlook.com,08128625652,2022-12-31,Aktif
229,Doni Susanto,doni276@ymail.com,08112115869,20 Jul 2020,aktif
230,Ayu Firmansyah,ayu549@hotmail.com,08583741608,28 May 2024,Pending
231,GALIH PRATAMA,galih776@hotmail.com,08132332061,2022-11-19,suspand
232,Rina Iskandar,rina933@gmail.com,08126868548,2023-02-20,Pending
233,Galih Ramadhan,galih430@gmail.com,08512299911,2024-04-23,Pending
234,Wulan Nugroho,wulan271@hotmail.com,08529970246,13 Aug 2019,NON AKTIF
235,Rudi Rahayu,rudi901@outlook.com,08210745054,27-06-2021,panding
236,ANDI HIDAYAT,andi998@hotmail.com,08234691373,2022/07/26,nonaktif
237,Hendro Nugroho,hendro528@yahoo.com,08124862890,2019-12-13,suspend
238,Fitri Rahayu,fitri468@gmail.com,08233457861,2018-05-06,aktip
239,FEbrI LaksONO,febri663@yahoo.com,08214680072,11 Dec 2019,Pending
240,Yuni Susanto,yuni966@outlook.com,08226657437,2021/05/22,Nonaktif
241,Galih Hartono,galih8@ymail.com,08238994417,19-09-2018,suspand
242,Indah Susanto,indah729@outlook.com,08212830965,2019/07/28,aktif
243,Bambang Purnomo,bambang429@hotmail.com,08510993538,2023/05/03,aktiff
244,Wahyu Sari,wahyu898@ymail.com,08134172482,2021/10/06,aktif
245,Putri Hidayat,putri315@hotmail.com,08235494717,2018/08/08,NON AKTIF
246,Galih Wijaya,galih200@ymail.com,08126846022,31-03-2020,nonaktif
247,Nisa laksONo,nisa805@gmail.com,08139666676,2018-01-20,Nonaktif
248,Fajar Santoso,fajar776@ymail.com,08210033542,2019-25-02,Nonaktif
249,wahyu sari,wahyu47@outlook.com,08227898562,2021-04-11,aktip
250,Fitri Sari,fitri941@hotmail.com,08113323098,2019-11-24,aktip
251,Ahmad Hartono,ahmad262@ymail.com,08580901001,2022-04-09,aktip
252,Surya Susanto,ratna595@yahoo.com,08114618499,2019-16-07,PENDING
253,Andi Firmansyah,sri771@ymail.com,08121739348,06-04-2020,pending
254,lestari sari,lestari509@yahoo.com,08525300119,2023-07-17,Suspend
255,Ratna Wijaya,ratna104@outlook.com,08217447012,11-06-2018,aktip
256,Indah Saputra,indah98@gmail.com,08112255794,16-01-2019,PENDING
257,Agus Kusuma,agus986@hotmail.com,08226762120,2019-10-15,nonaktif
258,Eko Permana,eko695@hotmail.com,08139659027,2023-06-23,suspend
259,maya rahayu,putri636@hotmail.com,08118993588,2024-12-07,nonaktif
260,Reza Permana,reza693@hotmail.com,08138900287,2023-07-24,aktif
261,Bambang Setiawan,bambang688@yahoo.com,08118386631,2023-24-02,Pending
262,Maya Wijaya,maya458@outlook.com,08127016608,2024-02-28,PENDING
263,Febri Iskandar,febri912@ymail.com,08533755037,21 Sep 2021,Pending
264,Febri Permana,febri373@hotmail.com,08121305548,09-11-2023,pending
265,Ahmad Sari,ahmad842@hotmail.com,08124933163,2023-02-16,pending
266,andi saputra,andi649@ymail.com,08127798270,2023/12/13,aktif
267,Teguh Ramadhan,teguh521@yahoo.com,08582216995,2023-27-08,nonaktif
268,Febri Hidayat,febri987@outlook.com,08227226984,22-02-2024,pending
269,Surya Wibowo,surya640@outlook.com,08232288515,2024-22-04,NON AKTIF
270,Sari Hakim,sari868@hotmail.com,08118106200,29-03-2020,Pending
271,Dian Purnomo,dian150@gmail.com,08223805719,2024-04-20,pending
272,Surya Hartono,surya804@outlook.com,08116665800,2020-10-26,non-aktif
273,Maya Hidayat,maya722@outlook.com,08588933472,2018-11-02,SUSPEND
274,Ratna Kusuma,ratna439@outlook.com,08534229405,2023/03/26,Suspend
275,Ahmad Pratama,ahmad612@gmail.com,08584798515,2023-11-23,SUSPEND
276,Hendro Wijaya,hendro164@hotmail.com,08538615335,18-09-2021,AKTIF
277,Galih Firmansyah,galih575@gmail.com,08125739930,2021-07-08,Suspend
278,Sri Hartono,ayu864@ymail.com,08118588770,2021/04/29,Aktif
279,Ratna Wijaya,ratna172@ymail.com,08530133613,2024/01/12,suspend
280,Teguh Wijaya,teguh158@gmail.com,08525011024,2024-04-04,Nonaktif
281,Yuni Susanto,yuni462@hotmail.com,08515061809,2018/09/17,NON AKTIF
282,Rizki Nugroho,rizki109@outlook.com,08229147660,2023-04-26,Nonaktif
283,Muhammad Hartono,muhammad870@ymail.com,08222450882,2019-05-20,aktif
284,Febri Hartono,febri970@gmail.com,08223536822,2020-01-24,non-aktif
285,MEGA WIBOWO,mega688@ymail.com,08118781414,2019-02-07,pending
286,Bambang Setiawan,bambang688@yahoo.com,08124913577,06 Sep 2021,nonaktiff
287,Eko Pratama,eko374@outlook.com,08512053364,2022-01-12,pending
288,Bagas Permana,bagas368@outlook.com,08528129142,2024-01-16,Aktif
289,Rizki Wijaya,rizki870@ymail.com,08119969308,03 Dec 2020,suspend
290,Wulan Permana,wulan153@outlook.com,08513942788,2019-06-01,aktip
291,Budi Hidayat,budi826@ymail.com,08138272299,2019/08/22,pending
292,Putri Rahayu,putri500@yahoo.com,08124530385,2022-09-05,Suspend
293,Ahmad Rahayu,ahmad332@gmail.com,08534498926,31-03-2022,NON AKTIF
294,Rizki Firmansyah,rizki997@yahoo.com,08536557790,2023-08-18,nonaktif
295,Yuni Wijaya,yuni288@yahoo.com,08132259136,2021/09/14,aktif
296,Citra Permana,citra166@hotmail.com,08113029922,2023-10-01,suspend
297,RInA RAHAyU,rina483@hotmail.com,08133692929,24-09-2023,Aktif
298,Bagas Laksono,bagas71@yahoo.com,08516210388,2022-09-16,NON AKTIF
299,Agus Permana,sri297@gmail.com,08538117298,2018/01/05,nonaktiff
300,Hendro Saputra,hendro45@ymail.com,08513765991,2022-10-09,Aktif
301,Yuni Wijaya,yuni898@ymail.com,08514300981,2023-10-30,aktip
302,Hendra Setiawan,hendra110@yahoo.com,08519448695,11-11-2024,suspand
303,Rudi Wibowo,rudi803@ymail.com,08522588744,24-06-2024,Pending
304,Rudi Pratama,rudi676@gmail.com,08217213865,05 Mar 2024,pending
305,Dewi Sari,dewi652@gmail.com,08122796114,27-06-2020,aktif
306,Ahmad Hartono,ahmad411@ymail.com,08534902770,2020/04/06,Suspend
307,HENDRo PurnOmo,hendro16@gmail.com,08128489554,15 Jul 2020,SUSPEND
308,Doni Hartono,doni268@yahoo.com,08518181845,25 Apr 2019,SUSPEND
309,Wulan Ramadhan,wulan454@hotmail.com,08587357790,2023-05-29,Aktif
310,Ayu Hidayat,ayu236@outlook.com,08515880434,2019-16-01,pending
311,Bagas Wijaya,bagas183@hotmail.com,08235394237,2020-03-28,pending
312,Mega Wibowo,mega855@yahoo.com,08585211179,28 Jan 2018,SUSPEND
313,Citra Nugroho,citra505@ymail.com,08227284639,2019-06-10,Nonaktif
314,Teguh Permana,teguh34@ymail.com,08236271875,2018-02-04,pending
315,AYU RAMADHAN,ayu371@ymail.com,08222843479,06-11-2021,Aktif
316,Teguh Wibowo,teguh771@outlook.com,08236472929,2020-07-25,pending
317,Reza Hakim,reza391@yahoo.com,08132702672,19 Oct 2023,pending
318,Bambang Purnomo,bambang880@ymail.com,08116120347,2019-30-01,pending
319,Mega Nugroho,mega571@outlook.com,08230615939,2024/06/16,nonaktiff
320,Agus Purnomo,agus690@ymail.com,08527169472,2019/11/18,PENDING
321,Bagas Saputra,bagas586@hotmail.com,08121253554,31 Dec 2020,nonaktiff
322,Fauzi Laksono,fauzi962@outlook.com,08588762202,2020/08/19,Aktif
323,nuR wiBowo,nur671@hotmail.com,08223347228,2019-11-30,aktif
324,Putri Setiawan,putri479@ymail.com,08228728299,2023/02/14,pending
325,Nisa Saputra,nisa655@ymail.com,08225783174,2022-07-02,Aktif
326,wahyu santoso,wahyu835@yahoo.com,08234780774,2018-07-02,Pending
327,Febri Hidayat,febri562@outlook.com,08216866326,2022-03-30,Aktif
328,Teguh Hidayat,teguh820@ymail.com,08224846312,14-07-2019,aktif
329,Doni Iskandar,doni718@ymail.com,08523502080,2020-02-01,AKTIF
330,Muhammad Laksono,muhammad239@gmail.com,08130735647,2022-02-03,pending
331,AHMAD SETIAWAN,ahmad769@yahoo.com,08114618723,2020-21-10,PENDING
332,Sri Hidayat,sri999@hotmail.com,08210371837,2022/05/13,SUSPEND
333,Indah Sari,indah44@ymail.com,08531474350,2020-06-11,Aktif
334,teguh setiawan,teguh814@outlook.com,08581630097,2024-09-08,aktip
335,nUR HiDAYat,nur572@outlook.com,08523065240,2023/06/11,nonaktif
336,Lestari Hakim,lestari195@ymail.com,08138557498,2019-10-19,Nonaktif
337,Maya Purnomo,maya555@outlook.com,08520862095,2024-12-15,AKTIF
338,Rizki Hakim,rizki195@ymail.com,08528294565,2019-03-29,Nonaktif
339,Rizki Rahayu,rizki133@yahoo.com,08113173109,2022/05/11,Nonaktif
340,Galih Ramadhan,galih376@yahoo.com,08581037170,18 Jan 2022,pending
341,Sari Nugroho,sari60@ymail.com,08228014138,2019-02-02,pending
342,WuLaN hArtONo,wulan185@ymail.com,08518528975,14 Jul 2021,suspand
343,Indah Nugroho,indah649@hotmail.com,08239398368,06-11-2020,SUSPEND
344,maya hartono,maya36@outlook.com,08580824043,29-05-2020,aktif
345,Fauzi Hakim,fauzi585@ymail.com,08131075224,12 Feb 2022,Aktif
346,MEGA PURNOMO,rudi139@gmail.com,08211572791,2024/09/04,AKTIF
347,NISA HARTONO,nisa58@outlook.com,08236613906,10-08-2018,Nonaktif
348,Indah Hakim,indah335@ymail.com,08212067998,2019-01-04,nonaktif
349,RUDI PRATAMA,rudi85@hotmail.com,08580864168,2022/11/15,aktif
350,Muhammad Permana,sri477@hotmail.com,08583898331,2020-26-12,AKTIF
351,NISA WIJAYA,nisa424@hotmail.com,08235355904,25-11-2019,non-aktif
352,mAya IskANDAr,maya711@gmail.com,08227705383,14 Apr 2020,Nonaktif
353,Mega Hakim,mega748@yahoo.com,08116980420,2021-03-09,Pending
354,galih susanto,galih671@gmail.com,08126451046,2020-04-08,Nonaktif
355,Andi Setiawan,andi612@ymail.com,08122387800,10 Oct 2020,AKTIF
356,Bambang Hartono,bambang19@outlook.com,08235438404,2022-05-05,Suspend
357,FAuzI HidaYAt,fauzi556@yahoo.com,08212983248,2019-08-07,suspand
358,Rina Ramadhan,rina326@gmail.com,08538125205,2022-23-08,AKTIF
359,Fauzi Pratama,fauzi110@yahoo.com,08130994999,03 Aug 2020,Aktif
360,SITI NUGROHO,siti799@hotmail.com,08138975267,2023-04-25,Aktif
361,Yuni Rahayu,yuni993@gmail.com,08226333127,2024-02-12,pending
362,Doni Hidayat,doni795@gmail.com,08586569998,2023/11/22,suspend
363,AHMAD FIRMANSYAH,ahmad468@gmail.com,08218860868,2018-07-21,AKTIF
364,Rudi Purnomo,rudi293@hotmail.com,08136490827,2023-01-25,pending
365,Sri Sari,sri961@ymail.com,08136657027,2024/08/14,suspend
366,Doni Wijaya,doni709@yahoo.com,08121175186,27 Sep 2023,Suspend
367,Ayu Hakim,ayu787@yahoo.com,08239222206,15-06-2021,pending
368,Maya Purnomo,maya121@yahoo.com,08210940777,2024-02-05,NON AKTIF
369,Bambang Hidayat,bambang676@hotmail.com,08526719903,20-02-2024,non-aktif
370,surya wibowo,surya152@gmail.com,08230209945,2018-12-26,aktif
371,Agus Sari,agus626@ymail.com,08588279501,10-05-2021,aktip
372,Ayu Wijaya,ayu864@ymail.com,08124721458,22 Aug 2022,Aktif
373,hendra iskandar,hendra586@ymail.com,08127946954,23 Nov 2023,suspand
374,Putri Pratama,putri509@ymail.com,08527293430,2019-04-30,nonaktif
375,Sri Wibowo,sri425@hotmail.com,08115583034,2020-11-08,AKTIF
376,Ratna Hakim,ratna7@gmail.com,08235699023,15-09-2021,Suspend
377,Citra Permana,citra662@yahoo.com,08522785760,05-11-2023,Nonaktif
378,Indah Hakim,indah214@ymail.com,08235124056,2023-12-29,Nonaktif
379,Ayu Sari,ayu886@outlook.com,08230461735,26-01-2023,Aktif
380,WAHYU SARI,wahyu804@gmail.com,08211780782,19-02-2020,Suspend
381,Hendro Purnomo,hendro147@gmail.com,08532307681,17-01-2018,Suspend
382,Febri Wijaya,febri911@gmail.com,08128409435,2020-04-01,AKTIF
383,Wulan Setiawan,wulan688@gmail.com,08222241098,2023-10-07,Aktif
384,Putri Hakim,bagas586@hotmail.com,08583214958,2022-12-23,aktif
385,CITRA RAHAYU,citra56@gmail.com,08516299795,03-07-2021,PENDING
386,Wulan Wijaya,fitri956@gmail.com,08582171747,2023-04-12,Suspend
387,Rina Iskandar,rina373@hotmail.com,08135577017,08-04-2019,nonaktif
388,Dian Purnomo,dian619@ymail.com,08138161581,22 May 2021,nonaktif
389,Eko Saputra,eko250@ymail.com,08137615396,19 Nov 2022,Pending
390,WULAn hidayAT,wulan611@hotmail.com,08237013290,2019/08/24,aktif
391,Wulan Purnomo,wulan592@hotmail.com,08213549465,01 Jan 2019,aktif
392,Ratna Hartono,ratna873@outlook.com,08115800851,2021-03-01,Aktif
393,Eko Hartono,eko729@hotmail.com,08516683272,10 Feb 2020,nonaktif
394,FAjar saPuTra,fajar808@ymail.com,08519278687,25-04-2022,Aktif
395,teguh iskandar,teguh511@yahoo.com,08534689500,2024-16-05,pending
396,Sri Ramadhan,sri708@gmail.com,08138478189,2018-12-29,nonaktif
397,Rizki Hakim,rizki320@ymail.com,08115807787,2024/06/08,aktiff
398,Putri Purnomo,putri37@ymail.com,08229407929,2018/07/31,suspand
399,Galih Santoso,galih85@yahoo.com,08531442944,2020-11-18,pending
400,Febri Sari,febri757@yahoo.com,08525243728,16-05-2018,suspand
401,Rina Iskandar,rina158@hotmail.com,08516372395,2018/08/11,Aktif
402,srI RaHayU,muhammad64@ymail.com,08526580185,04 Nov 2022,Suspend
403,Fauzi Setiawan,ratna334@ymail.com,08229673938,2021/10/14,pending
404,Agus Setiawan,agus689@gmail.com,08120618175,2020/06/17,AKTIF
405,fitri rahayu,fitri95@gmail.com,08583911192,2022/03/20,Pending
406,Nisa Sari,nisa713@yahoo.com,08224717465,2020-11-20,Pending
407,Fauzi Rahayu,fauzi341@gmail.com,08224271739,2022-05-28,nonaktiff
408,Andi Pratama,andi442@yahoo.com,08581741011,2024/05/29,Aktif
409,Maya Santoso,maya153@gmail.com,08116425690,2023/10/13,Suspend
410,Bambang Permana,bambang865@gmail.com,08533067198,10-01-2022,pending
411,Rudi Rahayu,rudi982@gmail.com,08238517432,2024-03-21,SUSPEND
412,Fitri Purnomo,fitri918@gmail.com,08237173203,2018/04/14,suspand
413,Reza Permana,reza812@ymail.com,08227870050,2021/10/15,aktif
414,Sri Wibowo,sri684@ymail.com,08528293102,2023/06/26,aktif
415,Galih Rahayu,galih665@yahoo.com,08112041792,2024-08-17,PENDING
416,Andi Kusuma,andi819@ymail.com,08211365651,17 Jun 2024,aktif
417,Hendra Rahayu,hendra344@gmail.com,08124262582,2022-12-02,Suspend
418,AHMAD PRATAMA,ahmad868@ymail.com,08512071002,2019/01/01,nonaktiff
419,Lestari Saputra,lestari812@hotmail.com,08133248763,16 Dec 2019,pending
420,Febri Sari,febri627@gmail.com,08225608331,2023-12-12,non-aktif
421,Wulan Firmansyah,wulan789@yahoo.com,08220312772,2019/10/17,Suspend
422,Dewi Nugroho,dewi446@outlook.com,08239701082,2019-10-10,nonaktif
423,Sri Wijaya,sri739@hotmail.com,08589563531,2021-08-28,aktif
424,Sari Wibowo,sari226@gmail.com,08529706239,2023-02-07,nonaktif
425,Muhammad Laksono,muhammad648@outlook.com,08223520904,2019-07-14,panding
426,dONI SaPUtRa,doni222@ymail.com,08527406335,14 Nov 2022,Aktif
427,Eko Pratama,eko920@gmail.com,08510078068,2022-04-06,PENDING
428,Andi Laksono,andi86@ymail.com,08116325431,2018-07-03,pending
429,Dian Laksono,dian766@ymail.com,08117726257,2018/01/06,aktif
430,bagas firmansyah,bagas437@outlook.com,08588931950,2023/10/10,aktip
431,Dewi Kusuma,dewi477@ymail.com,08115528183,21-07-2019,Aktif
432,Sri Permana,sri771@ymail.com,08213554864,2018-08-12,aktip
433,Maya Permana,maya850@gmail.com,08528847951,2020-11-02,aktif
434,Rudi Sari,rudi980@gmail.com,08122412723,2023/11/03,aktif
435,Sari Hakim,sari486@outlook.com,08517043103,2023/10/30,aktiff
436,Eko Setiawan,eko806@outlook.com,08529887749,25-06-2019,Aktif
437,Mega Hidayat,mega995@outlook.com,08112547292,02-01-2024,Aktif
438,aGUs pRATamA,agus547@outlook.com,08120672752,2018/01/18,Nonaktif
439,Ratna Setiawan,ratna303@hotmail.com,08229297517,2018-06-14,pending
440,sri purnomo,sri633@yahoo.com,08525150939,2023-11-27,Pending
441,fauzi wibowo,fauzi552@hotmail.com,08128637599,2023-09-27,suspend
442,Fajar HaRtONo,fajar826@hotmail.com,08512991234,29 Apr 2023,suspand
443,Rizki Ramadhan,rizki91@gmail.com,08514628792,2020-03-27,PENDING
444,Lestari Hakim,lestari843@outlook.com,08584787300,23-09-2019,AKTIF
445,Citra Kusuma,citra915@outlook.com,08512730147,01 Oct 2018,pending
446,Eko Permana,eko890@outlook.com,08521589042,2024-07-10,aktif
447,Doni Pratama,doni55@outlook.com,08236504481,2023-10-06,Pending
448,Agus Kusuma,agus172@ymail.com,08235445189,2021-12-11,aktif
449,Hendro Purnomo,hendro497@hotmail.com,08232132833,07 Apr 2024,pending
450,Hendro Hakim,hendro720@gmail.com,08517112075,2021/06/30,aktip
451,Maya Iskandar,maya994@outlook.com,08134013223,2021-06-13,Aktif
452,Nur Saputra,nur803@gmail.com,08120760310,05 Oct 2023,aktif
453,sri susanto,sri309@gmail.com,08121939325,2018-04-30,aktif
454,Fauzi Ramadhan,fauzi165@ymail.com,08583891190,2023-12-07,pending
455,Lestari Sari,lestari551@gmail.com,08123875927,2019-03-16,PENDING
456,Ayu Saputra,ayu234@hotmail.com,08125171827,2022/01/19,AKTIF
457,Ahmad Wijaya,ahmad119@hotmail.com,08227947386,2021-05-04,Aktif
458,Rizki Permana,rizki377@yahoo.com,08117167811,2019-11-08,nonaktif
459,Eko Kusuma,eko914@yahoo.com,08125353961,2020-11-08,pending
460,Fauzi Ramadhan,fauzi775@hotmail.com,08237967842,2023-02-06,aktif
461,Bambang Permana,bambang966@yahoo.com,08111017026,2024/10/12,aktiff
462,Wahyu Iskandar,wahyu779@gmail.com,08537734778,07 Dec 2020,aktiff
463,wulan hakim,wulan783@gmail.com,08511675677,2018-05-28,Aktif
464,Wahyu Sari,wahyu138@outlook.com,08517197889,2023-09-04,Nonaktif
465,dian firmansyah,dian270@hotmail.com,08586954500,2024-08-15,aktif
466,Fajar Nugroho,fajar598@gmail.com,08236165565,2018/08/20,Aktif
467,Reza Purnomo,reza933@gmail.com,08221520850,2023/03/03,suspend
468,Nisa Firmansyah,nisa274@gmail.com,08529056965,2024-06-03,PENDING
469,Andi Wibowo,andi515@outlook.com,08139456371,2024-01-04,AKTIF
470,Dewi Purnomo,dewi412@yahoo.com,08581919541,09 May 2024,nonaktif
471,Hendra Nugroho,maya834@ymail.com,08534685366,26 Oct 2020,Nonaktif
472,Surya Sari,surya643@ymail.com,08139737489,12 Nov 2022,pending
473,Dewi Firmansyah,dewi474@yahoo.com,08212466513,17-08-2022,PENDING
474,Dian Susanto,sari808@outlook.com,08211230347,12 Jun 2023,suspand
475,Teguh Rahayu,teguh280@yahoo.com,08114482070,2018-08-15,AKTIF
476,Wahyu Wijaya,wahyu417@outlook.com,08126231981,2023/11/08,PENDING
477,Hendro Susanto,hendro93@yahoo.com,08581559636,2020-06-11,aktif
478,Hendra Susanto,hendra261@ymail.com,08117851586,2023/04/30,Aktif
479,Fauzi Pratama,fauzi733@outlook.com,08220900348,25-04-2022,non-aktif
480,Fajar Kusuma,fajar243@hotmail.com,08510644134,2020-05-11,Suspend
481,Indah Saputra,indah281@gmail.com,08527656124,2023-09-05,aktiff
482,Febri Hakim,febri465@gmail.com,08112720634,09 Jul 2021,aktif
483,Dian Hidayat,dian993@yahoo.com,08586577242,26-08-2024,Pending
484,Fitri Wijaya,fitri187@hotmail.com,08519300893,2018-31-12,Aktif
485,Dian Rahayu,dian440@ymail.com,08222152910,2023-24-11,Pending
486,DONI PERMANA,doni731@yahoo.com,08214476263,2024-09-23,suspand
487,Lestari Wibowo,lestari419@yahoo.com,08114439735,2024/07/15,nonaktiff
488,Nur Santoso,nur893@outlook.com,08513669411,2024-03-31,aktif
489,Reza Permana,reza621@ymail.com,08110489646,2022-02-28,SUSPEND
490,Surya Rahayu,surya267@yahoo.com,08537572158,2022-11-09,Aktif
491,Indah Rahayu,indah512@outlook.com,08236449485,2022-11-20,AKTIF
492,Bambang Pratama,bambang946@hotmail.com,08113203207,2020-12-01,pending
493,Teguh Kusuma,teguh950@hotmail.com,08117587771,2019-08-30,aktiff
494,hEnDRA PUrnOMO,hendra27@outlook.com,08126591520,2018-29-11,PENDING
495,Citra Laksono,citra276@ymail.com,08115097592,2020-05-15,Pending
496,Lestari Setiawan,nisa612@ymail.com,08539616423,2022-06-22,aktif
497,Hendra Sari,hendra413@outlook.com,08131476492,2022/01/10,aktif
498,fajAr fiRmANSYAH,fajar540@ymail.com,08124761742,2019/06/08,suspend
499,Reza Firmansyah,reza583@gmail.com,08531081866,2019-23-01,nonaktiff
500,Nisa Susanto,nisa600@gmail.com,08530172260,2018-08-12,suspend
501,Wahyu Setiawan,wahyu466@hotmail.com,08584523219,2020/11/28,aktif
502,wulan santoso,wulan120@gmail.com,08137769749,01-12-2024,pending
503,RUDI PURNOMO,rudi139@gmail.com,08211030372,2020-17-09,panding
504,WULAN WIBOWO,wulan789@hotmail.com,08137601227,2023-10-06,aktif
505,Maya Ramadhan,maya302@ymail.com,08510501667,28 Jun 2024,pending
506,Lestari Rahayu,lestari498@ymail.com,08589730806,18-06-2024,Nonaktif
507,Fauzi Saputra,fauzi120@hotmail.com,08585760243,07-04-2023,nonaktif
508,Ratna Hidayat,ratna702@outlook.com,08587246657,26 Oct 2019,Aktif
509,NUR PERMANA,rizki320@ymail.com,08587167433,2024-03-30,suspand
510,Putri Susanto,putri163@yahoo.com,08530156193,10 May 2019,Aktif
511,Mega Setiawan,mega788@gmail.com,08534289107,2023-02-16,SUSPEND
512,Galih Iskandar,galih971@gmail.com,08530812135,2019/10/06,AKTIF
513,Maya Firmansyah,maya892@gmail.com,08135521376,2018-01-27,PENDING
514,Citra Setiawan,citra176@gmail.com,08225653286,2020-07-23,Pending
515,Sari Saputra,sari975@ymail.com,08230720811,17-10-2021,nonaktif
516,dian saputra,dian778@gmail.com,08139084668,2021/05/31,pending
517,Putri Santoso,putri922@ymail.com,08582673899,2022/12/17,aktiff
518,Rudi Wibowo,rudi87@gmail.com,08535628843,16 Jan 2019,Nonaktif
519,Hendro Setiawan,hendro164@gmail.com,08118943468,2019/03/29,aktif
520,Fajar Susanto,fajar363@gmail.com,08111749075,2020/08/25,suspand
521,Nisa Hakim,nisa240@outlook.com,08224926831,04 Sep 2021,NON AKTIF
522,FAJAR LAKSONO,fajar729@hotmail.com,08511106273,2023-01-02,aktip
523,Hendro Hartono,hendro532@hotmail.com,08229767762,15 Aug 2019,aktif
524,Doni Pratama,doni526@ymail.com,08123770285,02 May 2019,panding
525,Sri Kusuma,sri297@gmail.com,08532154544,2023-06-14,Pending
526,Rina Ramadhan,rina960@outlook.com,08223270185,2018-10-04,nonaktif
527,Nisa Purnomo,nisa922@outlook.com,08517922877,2023-01-14,suspend
528,Indah Wijaya,indah681@ymail.com,08516365807,2021/02/10,aktif
529,Dian Santoso,dian816@outlook.com,08531813989,05 Aug 2018,Nonaktif
530,Citra Firmansyah,citra124@ymail.com,08130433971,26 Dec 2023,AKTIF
531,Eko Rahayu,eko957@gmail.com,08236260856,2020-11-19,aktif
532,andi hAkim,andi400@gmail.com,08232654610,2020-04-09,Pending
533,Eko Hidayat,fajar598@gmail.com,08511405786,2018-26-09,aktif
534,Yuni Santoso,yuni987@ymail.com,08123824967,2018/12/10,Nonaktif
535,Rina Nugroho,rina173@yahoo.com,08536870079,2021/03/30,SUSPEND
536,Budi Rahayu,budi494@outlook.com,08584653984,2018-07-06,pending
537,Nisa Wijaya,nisa405@gmail.com,08138463985,2021/11/04,Aktif
538,Maya Susanto,maya330@outlook.com,08217950209,2023-05-06,suspend
539,Agus Saputra,agus714@hotmail.com,08518118071,2021-16-12,PENDING
540,PUtrI harTonO,putri311@yahoo.com,08217504793,2018-01-30,suspand
541,Rudi Kusuma,rudi583@ymail.com,08522839992,25 Sep 2018,aktif
542,Rizki Pratama,rizki584@yahoo.com,08534308948,2023-02-03,Suspend
543,Dewi Setiawan,dewi417@outlook.com,08128775803,12-07-2018,Suspend
544,Wulan Laksono,wulan402@yahoo.com,08231903613,2020-03-17,aktiff
545,rizki kusuma,rizki443@gmail.com,08585431735,11-08-2018,Nonaktif
546,Reza Wijaya,reza635@hotmail.com,08127911006,2021/07/07,aktif
547,Muhammad Rahayu,muhammad453@gmail.com,08229611080,2021-22-04,nonaktif
548,Galih Saputra,galih614@ymail.com,08117676991,2021/10/23,Suspend
549,Siti Laksono,siti602@yahoo.com,08121091939,2019/06/01,Nonaktif
550,Putri Saputra,putri636@hotmail.com,08133200249,21 Nov 2022,SUSPEND
551,Putri Purnomo,fajar350@gmail.com,08137495450,22 Oct 2023,nonaktiff
552,Rina Rahayu,rina839@ymail.com,08116533315,2020/02/15,nonaktif
553,Doni Iskandar,doni873@ymail.com,08585946521,2023-02-04,Nonaktif
554,Budi Hidayat,budi478@ymail.com,08213756362,28-01-2018,aktif
555,Putri Santoso,putri146@outlook.com,08523950033,2021-03-09,Aktif
556,Mega Sari,mega568@yahoo.com,08133024102,2022/04/02,Pending
557,Sri Setiawan,sri313@hotmail.com,08215528961,2019-05-01,suspend
558,muHAmmAd WibOWO,muhammad992@ymail.com,08523179128,2022/05/09,Pending
559,Fajar Permana,fajar184@outlook.com,08238777496,2024/07/19,aktif
560,Yuni Wibowo,yuni241@hotmail.com,08214669254,2024-03-05,aktif
561,Nur Purnomo,nur361@yahoo.com,08580789567,2023-31-03,nonaktif
562,Bambang Setiawan,bambang26@yahoo.com,08523415148,02 Oct 2023,nonaktiff
563,FAUZI HIDAYAT,fauzi74@outlook.com,08118353544,2021-01-29,pending
564,Muhammad Hakim,rizki751@gmail.com,08225669078,2019-04-09,Aktif
565,Hendra Permana,hendra602@ymail.com,08527515366,2020-08-05,nonaktif
566,Surya Santoso,surya592@yahoo.com,08220755366,2022/07/11,Nonaktif
567,indah ramadhan,indah805@gmail.com,08132599996,2022-04-11,Suspend
568,Rizki Hakim,rizki487@gmail.com,08239741218,2019-12-29,PENDING
569,febri permana,febri204@gmail.com,08514334817,24-08-2018,Nonaktif
570,Dian Setiawan,dian421@hotmail.com,08131286716,2020-04-25,suspend
571,Wahyu Saputra,wahyu681@hotmail.com,08139949387,2021-02-02,aktif
572,rina laksono,rina409@ymail.com,08218597779,2018/06/10,aktif
573,Doni Nugroho,doni729@outlook.com,08519263296,2023-19-02,suspend
574,AGUS RAMADHAN,agus716@gmail.com,08212484137,12 Aug 2022,aktif
575,Fajar Wijaya,fajar517@outlook.com,08517243807,2018-04-20,non-aktif
576,Doni Hartono,doni409@yahoo.com,08510041257,2023-09-06,aktif
577,Surya Hidayat,surya449@yahoo.com,08524220912,2021-04-19,Nonaktif
578,RUDI SARI,rudi782@gmail.com,08222752308,2020-04-06,pending
579,Hendro Kusuma,hendro316@hotmail.com,08119006335,2020-09-04,aktif
580,Sari Santoso,sari346@yahoo.com,08123122068,18-03-2019,AKTIF
581,Fitri Iskandar,fitri555@hotmail.com,08511331552,2018-03-03,nonaktiff
582,Budi Hartono,teguh74@outlook.com,08229501364,2024-18-09,suspand
583,Andi Hakim,andi945@ymail.com,08134195625,2019/12/20,Pending
584,indah permana,indah19@ymail.com,08587683890,2020-08-10,non-aktif
585,Sri Purnomo,sri439@yahoo.com,08581025743,2019-14-09,Aktif
586,Ahmad Hidayat,ahmad613@hotmail.com,08232450864,2018-04-08,panding
587,Bagas Setiawan,bagas553@gmail.com,08213968527,2018-01-25,suspend
588,rizki wibowo,rizki145@yahoo.com,08131298338,2018-17-11,pending
589,Wahyu Sari,wahyu251@hotmail.com,08139344973,2021-18-01,aktif
590,Fajar Hartono,fajar483@hotmail.com,08518962706,2022-10-17,Pending
591,Wahyu Iskandar,wahyu567@yahoo.com,08226747468,2024-18-10,aktif
592,MuHAmmad peRmANa,muhammad955@ymail.com,08133645875,2018/08/25,nonaktif
593,Teguh Hidayat,teguh36@outlook.com,08112497243,02 Oct 2024,Suspend
594,DIAN SANTOSO,dian95@hotmail.com,08519183626,2020/11/01,AKTIF
595,Wulan Hartono,wulan752@hotmail.com,08121952436,2021-06-15,suspand
596,BAMBANG SANTOSO,fauzi120@hotmail.com,08536462252,2019-07-05,nonaktif
597,Ratna Kusuma,ratna834@yahoo.com,08133023467,2019/03/24,Aktif
598,Lestari Wijaya,lestari284@gmail.com,08230937710,08-09-2018,Pending
599,Budi Ramadhan,budi43@gmail.com,08218069847,23-04-2023,NON AKTIF
600,Bagas Nugroho,bagas352@outlook.com,08215669055,2019-02-15,nonaktif
601,rudi pratama,rudi126@ymail.com,08223579786,2020-02-09,suspand
602,Indah Santoso,indah895@gmail.com,08237397691,2021-27-11,Suspend
603,Citra Kusuma,citra301@ymail.com,08212898027,23-12-2018,PENDING
604,suRya LakSoNO,surya785@outlook.com,08214712871,2021-09-25,Suspend
605,Febri Wijaya,febri387@hotmail.com,08536334141,2019-04-02,aktiff
606,Eko Wibowo,eko119@ymail.com,08232569040,13 Aug 2024,Aktif
607,Ayu Saputra,ayu374@yahoo.com,08539931608,02-03-2023,aktif
608,Lestari Hidayat,lestari467@yahoo.com,08584209548,21-05-2019,suspand
609,Nisa Permana,nisa221@hotmail.com,08226052330,2020-04-01,pending
610,Wahyu Sari,wahyu562@hotmail.com,08236756618,05-03-2021,pending
611,Fitri Hakim,fitri135@outlook.com,08580472927,31-05-2023,suspend
612,Hendra Wibowo,hendra201@gmail.com,08239126620,29-01-2019,SUSPEND
613,AGUS RAHAYU,maya722@outlook.com,08586263013,2022-13-06,AKTIF
614,Febri Sari,febri385@gmail.com,08526475011,2018-12-05,Nonaktif
615,ratna hidayat,ratna587@ymail.com,08524192676,07 May 2021,aktif
616,Indah Wijaya,indah883@ymail.com,08136068887,19 Sep 2018,panding
617,Wulan Kusuma,wulan213@gmail.com,08139208751,2018-06-10,Nonaktif
618,Dian Wijaya,dian872@gmail.com,08121845826,2018-01-01,AKTIF
619,Hendro Purnomo,hendro456@yahoo.com,08587585988,2020/05/09,aktif
620,ahmad hidayat,ahmad146@outlook.com,08212983954,2019/06/11,non-aktif
621,Rizki Hakim,doni45@yahoo.com,08517146283,2018/10/17,pending
622,Fitri Nugroho,fitri664@ymail.com,08582625660,2024-10-08,aktif
623,SRI HAKIM,sri562@hotmail.com,08125155423,2021-01-25,aktif
624,Yuni Hartono,yuni802@gmail.com,08138497185,01-06-2024,Nonaktif
625,Febri Kusuma,febri175@outlook.com,08512588967,2024-08-23,Aktif
626,Ratna Pratama,ratna147@hotmail.com,08584053967,2020-20-01,suspand
627,Doni Firmansyah,doni976@hotmail.com,08533414651,2018-11-22,pending
628,Nur Sari,nur87@outlook.com,08537068277,2023/10/11,suspand
629,Wulan Kusuma,wulan632@yahoo.com,08116853890,2024-23-10,SUSPEND
630,hendro hIDAYat,hendro272@yahoo.com,08119634807,2024-05-12,aktif
631,Budi Iskandar,budi306@outlook.com,08120526501,2022-31-10,Aktif
632,Hendro Firmansyah,hendro421@gmail.com,08520243765,10-05-2021,nonaktif
633,Agus Hakim,agus112@hotmail.com,08522256053,2019-03-30,AKTIF
634,Muhammad Hartono,muhammad340@gmail.com,08133741678,2023/07/23,pending
635,Indah Hartono,indah946@hotmail.com,08131102258,2018/02/25,Aktif
636,Bagas Saputra,bagas756@gmail.com,08517447163,2024-12-04,pending
637,Agus Hidayat,agus118@outlook.com,08216371892,12 Feb 2020,non-aktif
638,RINA HIDAYAT,rina411@gmail.com,08223260931,2018-28-07,nonaktif
639,Wahyu Hidayat,wahyu437@hotmail.com,08118604145,23-02-2021,pending
640,Reza Setiawan,reza187@gmail.com,08110534749,2019-17-02,Aktif
641,Bambang Nugroho,bambang115@gmail.com,08118255598,12-10-2024,Aktif
642,Fauzi Wibowo,fauzi90@gmail.com,08139109337,2019-02-09,Suspend
643,Galih Setiawan,galih486@yahoo.com,08532023684,14-04-2024,suspend
644,Maya Kusuma,maya70@hotmail.com,08518802942,2021-04-01,Suspend
645,Dewi Wibowo,dewi408@hotmail.com,08538127868,2022-18-05,NON AKTIF
646,hendra sari,hendra586@yahoo.com,08580878844,21-06-2020,pending
647,suryA kUSuMA,surya2@outlook.com,08585518426,09-11-2024,AKTIF
648,Dewi Santoso,dewi225@outlook.com,08134089164,11 Oct 2024,Aktif
649,Maya Hidayat,agus547@outlook.com,08512736527,2019-19-01,Aktif
650,aGUs saRi,agus74@hotmail.com,08217618209,2019-13-02,nonaktif
651,Sri Santoso,sri660@gmail.com,08133142900,12 Mar 2019,pending
652,Bagas Wijaya,bagas492@ymail.com,08522457230,2024/02/05,Aktif
653,wulan kusuma,wulan46@gmail.com,08534186203,2018-04-09,nonaktif
654,Rina Nugroho,budi226@gmail.com,08127213145,09 Nov 2018,aktiff
655,Fajar Wijaya,fajar620@yahoo.com,08136859262,20 May 2021,PENDING
656,Putri Kusuma,putri512@outlook.com,08221022526,2023/01/04,Pending
657,CITRA WIJAYA,citra438@outlook.com,08131522655,2023-18-07,nonaktif
658,Sari Iskandar,sari342@yahoo.com,08216687887,22 Dec 2023,PENDING
659,Ayu Wijaya,ayu432@ymail.com,08583135030,24 Jan 2022,nonaktif
660,muhammad kusuma,muhammad358@outlook.com,08134728633,2020-07-08,pending
661,Sri Pratama,sri27@hotmail.com,08230191792,2018-05-04,aktip
662,NUR HIDAYAT,nur583@hotmail.com,08132728476,2021-13-10,Pending
663,BUDI PURNOMO,budi62@gmail.com,08582820667,2024/03/19,PENDING
664,Nisa Firmansyah,nur893@outlook.com,08134186236,2024-12-10,Aktif
665,Agus Hakim,agus80@hotmail.com,08525662056,08-03-2020,aktif
666,Rizki Nugroho,rizki867@outlook.com,08113428113,2024-09-11,Pending
667,Wahyu Wibowo,wahyu654@gmail.com,08214199097,2018-07-07,AKTIF
668,Wahyu Santoso,wahyu770@outlook.com,08518356521,2021-19-09,suspend
669,Ratna Kusuma,ratna794@yahoo.com,08119679042,2019/09/13,nonaktif
670,Nur Hidayat,nur827@yahoo.com,08138898572,20-10-2021,aktip
671,Teguh Rahayu,teguh793@hotmail.com,08213991297,2019-02-03,aktif
672,Wahyu Hakim,wahyu817@gmail.com,08521752421,21 Feb 2021,aktip
673,Nur WIjaYa,nur880@outlook.com,08516927589,08-07-2021,aktif
674,Sari Firmansyah,sari899@gmail.com,08580380214,2022-03-20,Nonaktif
675,Rizki Hidayat,rizki474@gmail.com,08237787112,2019-20-03,Pending
676,Fitri Hartono,fitri325@outlook.com,08587371470,2024-02-11,Suspend
677,Rina Wibowo,rina33@ymail.com,08510567303,2018/04/04,nonaktif
678,MEGA SARI,mega71@outlook.com,08511476834,2020-01-24,aktif
679,Teguh Setiawan,teguh305@yahoo.com,08215677826,2021/12/23,Nonaktif
680,Budi Hakim,budi612@yahoo.com,08129925502,2023-02-22,Nonaktif
681,Indah Kusuma,indah691@hotmail.com,08228072791,2018-05-30,pending
682,Fitri Saputra,fitri793@yahoo.com,08586353390,25-02-2022,aktif
683,Wahyu Firmansyah,wahyu128@hotmail.com,08526655868,2021-10-07,Suspend
684,Doni Saputra,doni567@ymail.com,08138664649,2019-02-11,PENDING
685,Andi Wijaya,andi632@hotmail.com,08127981789,2018/05/14,AKTIF
686,Sari Wibowo,sari466@ymail.com,08511371576,2022-06-10,Suspend
687,Yuni Firmansyah,yuni901@outlook.com,08226306000,21-09-2019,panding
688,Hendro Iskandar,hendro175@ymail.com,08513863960,2024-24-06,aktif
689,Ayu Sari,ayu326@ymail.com,08136312819,2022/05/25,Suspend
690,Surya Sari,surya209@gmail.com,08120609209,2024-02-05,Nonaktif
691,Siti Pratama,siti650@outlook.com,08133343836,2020/12/02,aktif
692,Nur Pratama,nur654@ymail.com,08121791124,2020-12-09,aktif
693,Bambang Nugroho,bambang213@hotmail.com,08127061713,2022-16-09,suspend
694,maYA SArI,maya560@gmail.com,08138413908,05 Apr 2018,Nonaktif
695,Rina Wibowo,rina118@yahoo.com,08115231244,2023-05-27,Suspend
696,Putri Hakim,putri479@hotmail.com,08518634234,2022-05-29,NON AKTIF
697,eKo Purnomo,eko920@gmail.com,08522084964,2024/10/09,Suspend
698,Hendro Nugroho,hendro118@yahoo.com,08236253135,2022-03-04,Pending
699,Sri Santoso,sri12@outlook.com,08217953816,07 Mar 2021,Aktif
700,Hendra Kusuma,hendra734@ymail.com,08129665533,2018-23-07,Nonaktif
701,FAUZI SAPUTRA,fauzi464@yahoo.com,08585963904,2018/03/15,Pending
702,Nisa Santoso,nisa292@yahoo.com,08510880501,2023-04-09,PENDING
703,Sari Purnomo,sari772@outlook.com,08511857906,2021/05/07,suspand
704,Bambang Kusuma,bambang961@ymail.com,08120300215,2022-11-20,Aktif
705,Fitri Nugroho,fitri551@gmail.com,08114010414,2021/09/10,non-aktif
706,Ayu Susanto,ayu948@yahoo.com,08587125296,2023/01/05,aktif
707,Hendro Hidayat,hendro678@hotmail.com,08225731441,16 Dec 2021,PENDING
708,Reza Wibowo,reza77@hotmail.com,08113037637,05-03-2019,Aktif
709,Eko Firmansyah,eko321@outlook.com,08522812356,28 Jan 2023,Nonaktif
710,rudi wibowo,rudi434@yahoo.com,08229127113,2018-09-03,Aktif
711,Siti Permana,siti464@outlook.com,08221815632,14 Jun 2022,nonaktif
712,Bagas Rahayu,bagas379@gmail.com,08116634362,30-08-2024,Nonaktif
713,Bambang Firmansyah,bambang698@gmail.com,08211310094,2020-09-04,Nonaktif
714,Fauzi Hidayat,fauzi717@hotmail.com,08516134732,13-04-2020,non-aktif
715,Febri Purnomo,febri97@yahoo.com,08539743251,2019-11-14,aktiff
716,Doni Pratama,doni683@hotmail.com,08515024120,30-08-2024,SUSPEND
717,Eko Santoso,eko254@hotmail.com,08120094388,2019-11-17,Pending
718,Andi Purnomo,andi344@hotmail.com,08525847457,25-02-2018,AKTIF
719,Bagas Firmansyah,bagas878@ymail.com,08521480263,04-08-2019,Nonaktif
720,Reza Ramadhan,reza997@hotmail.com,08233136148,15 Jan 2023,Aktif
721,Putri Setiawan,putri428@outlook.com,08223098591,2022-11-11,Nonaktif
722,PUTRI PURNOMO,putri9@hotmail.com,08137284982,2021-28-05,AKTIF
723,Lestari Santoso,lestari223@outlook.com,08581074065,2018-01-03,Aktif
724,Putri Purnomo,putri515@ymail.com,08131423691,2021-04-06,aktif
725,Putri Hidayat,putri653@hotmail.com,08516144942,2024-28-04,pending
726,INDAH RAMADHAN,indah787@yahoo.com,08222683441,02 May 2021,Suspend
727,DOnI HAkim,doni985@hotmail.com,08520806129,2021-05-23,NON AKTIF
728,Fajar Pratama,fajar922@ymail.com,08220626078,2023-03-01,aktif
729,Fauzi Kusuma,fauzi100@outlook.com,08587501980,19 Apr 2020,aktif
730,Bambang Pratama,bambang692@yahoo.com,08224079311,2018-01-01,NON AKTIF
731,SRI FIRMANSYAH,sri210@gmail.com,08520876014,2022-16-07,suspand
732,Reza Hakim,reza628@hotmail.com,08581620223,01 Dec 2019,pending
733,Wulan Wibowo,wulan297@outlook.com,08129754661,2023-16-03,PENDING
734,Rina Santoso,rina124@ymail.com,08510940970,2021-12-23,nonaktif
735,doni susanto,andi126@outlook.com,08538358681,2019/12/16,aktif
736,Nisa Setiawan,nisa880@yahoo.com,08224617679,09 Jan 2020,pending
737,Ratna Firmansyah,ratna715@outlook.com,08589599610,2018/05/01,aktif
738,Andi Kusuma,andi696@hotmail.com,08233312661,11 Sep 2018,Aktif
739,Ahmad Wijaya,ahmad384@ymail.com,08112517629,2024-03-29,Aktif
740,Bambang Laksono,bambang231@yahoo.com,08136831901,2020-04-13,PENDING
741,Budi Nugroho,indah916@gmail.com,08125287339,25 Apr 2023,aktiff
742,Galih Hakim,lestari284@gmail.com,08526619128,2021-05-06,aktif
743,Yuni Rahayu,yuni339@gmail.com,08214465124,03 Nov 2018,Nonaktif
744,Hendro Iskandar,hendro409@ymail.com,08118197400,2021-16-10,Aktif
745,BAGAS RAHAYU,bagas561@outlook.com,08113719905,2018-17-10,NON AKTIF
746,Galih Wijaya,galih491@yahoo.com,08220107835,2022-03-11,AKTIF
747,Yuni Santoso,yuni27@yahoo.com,08539608706,2022/03/26,aktif
748,TEGUH HAKIM,teguh449@gmail.com,08585535603,2020-08-08,NON AKTIF
749,Yuni Saputra,yuni910@ymail.com,08580030102,2022-12-02,AKTIF
750,Indah Nugroho,indah912@yahoo.com,08222967111,21 Oct 2020,Aktif
751,Putri Hidayat,putri310@outlook.com,08534384588,2019-03-04,aktiff
752,Sari Iskandar,sari81@yahoo.com,08138348315,2019-08-05,SUSPEND
753,Maya Laksono,maya22@hotmail.com,08114496410,17 Feb 2021,nonaktif
754,Siti Hartono,siti46@yahoo.com,08216268040,28-01-2024,Suspend
755,Febri Setiawan,febri930@outlook.com,08583059660,24 Mar 2019,nonaktif
756,Lestari Hakim,lestari587@ymail.com,08534267320,2021/02/23,Suspend
757,Nur Hidayat,nur303@outlook.com,08586094544,2024-10-26,aktif
758,Nisa Setiawan,nisa868@yahoo.com,08527070705,2023/05/21,panding
759,hendra saputra,hendra962@gmail.com,08229851724,05-02-2021,suspend
760,Muhammad Hidayat,muhammad151@ymail.com,08113102879,2021-07-23,Nonaktif
761,Yuni Rahayu,yuni266@outlook.com,08115809351,14 Nov 2018,nonaktif
762,Ratna Wijaya,ratna334@ymail.com,08236164205,22-10-2024,aktiff
763,Sari Nugroho,sari997@outlook.com,08580250429,2018-04-15,non-aktif
764,Indah Firmansyah,indah760@ymail.com,08585369026,2018-11-18,SUSPEND
765,Yuni Ramadhan,yuni589@ymail.com,08518180978,2023-02-11,AKTIF
766,Fitri Ramadhan,fitri250@outlook.com,08215375137,07-08-2022,aktif
767,SURYA FIRMANSYAH,surya371@hotmail.com,08583763928,2020-30-09,pending
768,Muhammad Iskandar,muhammad294@outlook.com,08231166829,2023/07/18,suspend
769,Fitri Sari,fitri16@yahoo.com,08126487120,2022-11-03,pending
770,Rizki Pratama,rizki543@hotmail.com,08515268341,11-10-2021,NON AKTIF
771,Galih Kusuma,galih47@gmail.com,08237676472,2020/01/22,Pending
772,rATna WiJaya,ratna531@ymail.com,08588645652,2019-08-10,PENDING
773,Hendra Saputra,hendra589@ymail.com,08231542144,2023-17-06,Aktif
774,Dian Purnomo,dian266@ymail.com,08123421388,2019-11-23,NON AKTIF
775,Ahmad Hakim,ahmad200@gmail.com,08520534967,2023-11-04,PENDING
776,Lestari Kusuma,lestari942@gmail.com,08526741241,2021-12-19,pending
777,Yuni Wijaya,yuni520@outlook.com,08227815061,06-11-2023,Aktif
778,Surya Rahayu,surya643@gmail.com,08212963347,2019-13-09,PENDING
779,BAMBANG PURNOMO,bambang651@gmail.com,08533061789,2020/05/04,Aktif
780,Sari Susanto,sari647@ymail.com,08215782434,2023-10-06,Pending
781,Rudi Iskandar,rudi493@outlook.com,08123146753,2022-10-07,Aktif
782,Indah Kusuma,indah408@yahoo.com,08527963044,2023-09-10,suspend
783,Sari Rahayu,sari331@outlook.com,08236676640,2021-04-01,pending
784,Bagas Rahayu,bagas420@yahoo.com,08582831995,14 Jun 2019,Nonaktif
785,SITI HARTONO,siti722@outlook.com,08238108358,2020-03-23,panding
786,Rudi Hidayat,rudi166@outlook.com,08236383000,2023-11-27,Nonaktif
787,baMbanG rAhayU,bambang781@hotmail.com,08110892196,06 Mar 2020,suspend
788,Indah Saputra,indah24@outlook.com,08227314976,2021-07-04,aktif
789,Sari Hakim,sari292@ymail.com,08533607658,2019-20-03,Aktif
790,Siti Hartono,siti458@outlook.com,08529145211,2024-04-16,Aktif
791,Bambang Ramadhan,bambang145@hotmail.com,08587893074,14-08-2022,pending
792,Rina Rahayu,rina579@ymail.com,08510438787,2021/07/06,Aktif
793,Doni Permana,doni880@gmail.com,08126162028,2019-05-13,Aktif
794,Sri Rahayu,sri508@yahoo.com,08537286604,2019-27-04,suspand
795,Fauzi Firmansyah,fauzi911@outlook.com,08582248395,29 Oct 2023,Aktif
796,Doni Wibowo,doni950@yahoo.com,08138705622,2023-04-12,suspand
797,Budi Purnomo,budi205@gmail.com,08537510979,2019-10-03,aktiff
798,Surya Hidayat,surya15@yahoo.com,08224694596,09 Nov 2020,Nonaktif
799,Fitri Wijaya,fitri106@yahoo.com,08222491289,18-04-2022,Nonaktif
800,Eko Iskandar,eko827@ymail.com,08523203319,2019-08-24,Aktif
801,BUDI SETIAWAN,budi994@gmail.com,08138767548,2019-04-26,Nonaktif
802,Ayu Hartono,ayu364@outlook.com,08535819324,2019-09-08,Nonaktif
803,Bambang Susanto,bambang572@hotmail.com,08232057563,02 Dec 2024,suspend
804,Fitri Hartono,fitri956@gmail.com,08217583094,2021-09-07,suspend
805,Mega Firmansyah,mega622@outlook.com,08114760440,2024-06-01,suspend
806,Citra Iskandar,citra503@yahoo.com,08528105092,2019-12-26,aktif
807,Sri Rahayu,sri728@gmail.com,08231843905,2021/07/20,Aktif
808,Eko Nugroho,eko964@hotmail.com,08510138241,2019-08-12,aktif
809,Febri Wibowo,mega947@outlook.com,08114485157,2024/05/16,aktif
810,DONI WIJAYA,doni93@yahoo.com,08122590203,2022-15-03,aktif
811,Reza Purnomo,reza658@yahoo.com,08134064242,03-05-2024,nonaktif
812,Fitri Susanto,fitri182@outlook.com,08227417595,2021/11/29,Nonaktif
813,Dian Rahayu,dian600@hotmail.com,08138936543,2021/11/02,SUSPEND
814,SURYA SUSANTO,surya792@yahoo.com,08223740182,2023-05-01,nonaktif
815,Indah Nugroho,indah675@ymail.com,08115150267,02-10-2021,nonaktiff
816,Andi Sari,andi314@yahoo.com,08528207979,2024/06/17,nonaktif
817,Rudi Permana,rudi259@outlook.com,08585764038,2019-18-03,nonaktif
818,Fauzi Ramadhan,bambang994@outlook.com,08532498392,2019/06/17,aktiff
819,Dewi Wijaya,dewi785@yahoo.com,08237627023,06-12-2019,AKTIF
820,Agus Hidayat,agus448@gmail.com,08212850725,2019-14-02,Nonaktif
821,Rudi Wibowo,rudi685@hotmail.com,08523162526,01-09-2021,PENDING
822,Teguh Iskandar,teguh74@outlook.com,08529039235,23-01-2022,Nonaktif
823,Budi Iskandar,budi408@gmail.com,08212730346,16-01-2019,nonaktif
824,aGus saPuTrA,agus672@hotmail.com,08112529867,2018-17-02,nonaktiff
825,Rudi Saputra,rudi311@hotmail.com,08221978575,01-01-2024,aktif
826,Agus Saputra,agus393@gmail.com,08130594389,2023-07-02,aktif
827,LESTARI RAHAYU,lestari502@hotmail.com,08230954654,07 Apr 2018,Aktif
828,Lestari Nugroho,lestari458@outlook.com,08220915086,2020-10-15,aktif
829,Andi Pratama,andi649@hotmail.com,08514579389,2023-02-21,aktif
830,FAJaR RAhaYu,agus172@ymail.com,08511394498,2024-01-18,pending
831,Dewi Nugroho,dewi221@hotmail.com,08222480962,13-03-2021,aktif
832,Hendra Santoso,hendra786@outlook.com,08224795133,2018/03/16,AKTIF
833,Rizki Iskandar,rudi961@gmail.com,08529695867,2024-04-03,aktiff
834,Indah Nugroho,indah156@hotmail.com,08523826460,2024-05-29,non-aktif
835,SURYA NUGROHO,surya766@ymail.com,08234457702,2024-07-23,non-aktif
836,Nisa Saputra,nisa784@gmail.com,08228736826,2024-10-22,aktif
837,Hendra Wibowo,hendra585@outlook.com,08132686536,20-09-2024,AKTIF
838,Fajar Kusuma,fajar704@outlook.com,08538863677,2021-18-03,aktif
839,Agus Hartono,agus546@outlook.com,08522169666,2020/02/13,aktif
840,Yuni Pratama,yuni516@gmail.com,08589605932,2024/05/20,nonaktif
841,nur nugroho,nur616@hotmail.com,08538327532,2023/04/19,Suspend
842,Indah Pratama,indah916@gmail.com,08219773973,2019-26-12,Nonaktif
843,Sri Iskandar,sri894@yahoo.com,08217100687,2022-04-28,Pending
844,MEGA HAKIM,mega796@ymail.com,08530770460,2022-28-01,pending
845,Ratna Laksono,ratna128@gmail.com,08134912565,2019-08-05,Pending
846,HENDRA SUSANTO,hendra658@gmail.com,08527345475,2023/01/19,Aktif
847,fauzi iskandar,fauzi144@yahoo.com,08534035954,2021/06/10,aktif
848,Wahyu Permana,wahyu690@outlook.com,08132294643,2018-04-25,NON AKTIF
849,rina ramadhan,rina373@ymail.com,08536792529,15-08-2023,Nonaktif
850,Ayu Permana,ayu892@ymail.com,08522760153,2021-06-20,Aktif
851,Fauzi Iskandar,maya70@hotmail.com,08215779083,09-04-2020,pending
852,Rudi Kusuma,rudi520@gmail.com,08228881079,2023-11-12,Aktif
853,Agus Hidayat,agus735@hotmail.com,08130948413,2018-09-18,Nonaktif
854,Dewi Wibowo,dewi600@ymail.com,08527180513,2023-05-14,nonaktif
855,CITRA WIBOWO,citra604@yahoo.com,08587490961,2022/12/19,Aktif
856,Galih Laksono,galih258@hotmail.com,08584725878,2021/03/08,AKTIF
857,Wulan Hidayat,wulan695@ymail.com,08534712705,2023-19-09,Nonaktif
858,Agus Wijaya,agus690@outlook.com,08127582313,23-05-2020,Nonaktif
859,Indah Firmansyah,indah702@outlook.com,08583925236,2019-12-05,non-aktif
860,Dian Setiawan,dian486@ymail.com,08514347452,08-06-2021,pending
861,Indah Laksono,indah577@hotmail.com,08510606527,2021-01-28,PENDING
862,Fitri Wibowo,fitri263@outlook.com,08230566588,2020-03-27,non-aktif
863,MAYA SUSANTO,maya249@yahoo.com,08237970673,21 Feb 2021,NON AKTIF
864,dewi kusuma,dewi351@outlook.com,08535741721,2021/08/22,nonaktif
865,Rina Pratama,rina588@yahoo.com,08531735984,30 Mar 2024,PENDING
866,Siti Pratama,siti70@outlook.com,08237325737,23-01-2022,Aktif
867,Mega Susanto,mega956@gmail.com,08131666708,04 Sep 2018,aktip
868,Nisa Saputra,nisa983@ymail.com,08238749511,2024-05-04,SUSPEND
869,SRI HakIM,sri477@hotmail.com,08135129578,2022-11-07,nonaktif
870,Lestari Santoso,lestari400@gmail.com,08113562439,30 Aug 2021,nonaktif
871,Fitri Ramadhan,fitri915@ymail.com,08133234210,25 Dec 2023,Suspend
872,Ahmad Pratama,ahmad978@gmail.com,08235333426,2021-01-15,Suspend
873,hendra nugroho,hendra899@hotmail.com,08126073607,2022-02-12,Aktif
874,Ayu Ramadhan,ayu96@yahoo.com,08539812317,13-10-2024,pending
875,INdah sApUtRA,indah445@outlook.com,08211670450,2019-07-31,Aktif
876,Budi Pratama,budi144@hotmail.com,08110934596,2019-08-10,Aktif
877,Hendro Pratama,hendro830@yahoo.com,08231207346,09-03-2022,non-aktif
878,Siti Santoso,siti911@hotmail.com,08112608698,2019-11-27,aktif
879,PUTRI HIDAYAT,putri68@gmail.com,08527687290,2021-29-06,nonaktif
880,Mega Pratama,mega553@outlook.com,08581779323,2023-10-10,PENDING
881,Rina Hidayat,rina762@gmail.com,08514913342,18-05-2021,pending
882,Doni Ramadhan,doni592@outlook.com,08135652906,2018-07-16,suspand
883,Budi Pratama,budi856@yahoo.com,08136509775,2020/02/09,suspend
884,Nisa Hartono,nisa220@hotmail.com,08584871485,2021-10-13,Aktif
885,Bambang Hakim,bambang99@outlook.com,08534156082,2019-01-23,SUSPEND
886,Sri Kusuma,sri303@yahoo.com,08234768182,17 Jun 2022,Aktif
887,YUNI sANTOso,yuni697@yahoo.com,08583289634,2018-20-07,AKTIF
888,Hendro Saputra,hendro480@outlook.com,08134014843,16 Nov 2024,SUSPEND
889,deWI sapUtra,dewi972@outlook.com,08136192372,02-02-2021,aktif
890,Sri Firmansyah,sri106@ymail.com,08523741897,2019-09-22,suspend
891,Bagas Susanto,bagas42@hotmail.com,08221769274,09 Jul 2020,aktif
892,Febri Iskandar,febri248@hotmail.com,08516014448,2021-08-09,pending
893,MEGA NUGROHO,mega104@hotmail.com,08219739641,22 Jun 2023,NON AKTIF
894,Nisa Hartono,nisa892@hotmail.com,08119191911,04-09-2020,NON AKTIF
895,Febri Saputra,febri736@gmail.com,08237798066,2018-04-16,Nonaktif
896,SITI SETIAWAN,siti943@hotmail.com,08117455534,2023-01-01,AKTIF
897,Mega Sari,mega790@ymail.com,08236527155,29 Nov 2024,pending
898,Yuni Setiawan,febri970@gmail.com,08515972634,12-06-2023,aktiff
899,Maya Nugroho,maya983@yahoo.com,08230139488,28 Apr 2021,Nonaktif
900,Rudi Iskandar,rudi204@gmail.com,08129642585,2022-06-14,Suspend
901,Andi Purnomo,andi995@gmail.com,08233703824,2018-18-04,Aktif
902,Yuni Hidayat,yuni451@yahoo.com,08130430977,25 Aug 2022,Nonaktif
903,Nisa Wibowo,nisa869@ymail.com,08586964546,25-02-2022,suspend
904,Reza Setiawan,reza79@yahoo.com,08233892187,02-01-2024,aktif
905,Febri Hidayat,febri735@ymail.com,08217490797,30 Jul 2023,nonaktif
906,Dian Santoso,dian573@gmail.com,08237215149,2020/10/29,aktif
907,Febri Permana,febri783@yahoo.com,08513748453,23 May 2024,Suspend
908,Rina Hakim,rina601@outlook.com,08119059119,18 Sep 2018,nonaktif
909,Dian Wibowo,doni45@yahoo.com,08130715116,2024/06/09,Suspend
910,Ayu Saputra,ayu486@yahoo.com,08232145264,2023-08-09,Aktif
911,Rudi Wibowo,rudi663@gmail.com,08237184090,2024-03-31,pending
912,andi sari,andi542@gmail.com,08115640995,2018-10-12,Aktif
913,gaLIH PERmaNa,galih40@ymail.com,08124415298,2019-11-17,Nonaktif
914,Febri Pratama,febri943@outlook.com,08528671815,05-10-2020,aktif
915,Bambang Wibowo,bambang43@outlook.com,08117918158,25 Apr 2024,pending
916,Hendro Hartono,hendro659@yahoo.com,08225273466,2022-18-11,aktif
917,SITI PERMANA,siti575@hotmail.com,08586474080,2020-02-10,AKTIF
918,Eko Ramadhan,eko657@outlook.com,08118004635,2024-01-12,PENDING
919,Teguh Firmansyah,teguh183@ymail.com,08230317235,2018/10/26,Aktif
920,Hendra Ramadhan,hendra16@gmail.com,08513140352,2022-05-17,aktip
921,RUdI RAhAYU,rudi420@gmail.com,08516643749,2018/02/12,pending
922,AHMAD LAKSONO,ahmad707@yahoo.com,08121127128,2021-09-02,Suspend
923,Mega Hartono,mega294@outlook.com,08584116318,2023-08-02,aktif
924,Ahmad Permana,ahmad115@yahoo.com,08116211369,2022-28-02,pending
925,Maya Iskandar,maya679@ymail.com,08213509025,2020-10-24,aktiff
926,Fitri Rahayu,fitri157@outlook.com,08531323570,2022-12-10,panding
927,Febri Firmansyah,febri165@yahoo.com,08535011688,13 Mar 2018,pending
928,indah nugroho,indah924@gmail.com,08210609069,2019-05-06,Pending
929,Ahmad Ramadhan,ahmad21@hotmail.com,08586496737,14-11-2024,aktiff
930,Doni Permana,doni157@hotmail.com,08535324264,19-10-2019,pending
931,tEGuh pUrnOmo,teguh373@outlook.com,08236283333,2024-05-17,Suspend
932,Galih Nugroho,galih562@hotmail.com,08234362718,27-01-2023,suspend
933,galih saputra,galih223@outlook.com,08532686270,2020-25-04,Nonaktif
934,Agus Susanto,agus697@ymail.com,08136932657,2020/10/03,aktif
935,Bambang Setiawan,bambang782@ymail.com,08530111000,2021-09-19,AKTIF
936,Putri Wibowo,putri981@yahoo.com,08221595977,2021/10/18,Aktif
937,Wahyu Kusuma,wahyu164@yahoo.com,08136189628,2024/03/12,nonaktif
938,Fauzi Hidayat,fauzi680@yahoo.com,08521026767,2019-11-30,NON AKTIF
939,Fajar Laksono,fajar187@hotmail.com,08117955151,2019-12-27,non-aktif
940,RUDI PRATAMA,rudi958@yahoo.com,08234159709,2024-14-08,suspand
941,fAJaR susanTO,fajar470@gmail.com,08238029090,2021-24-05,Aktif
942,Citra Hartono,citra712@outlook.com,08515586652,2021/11/19,Aktif
943,Fitri Permana,fitri86@hotmail.com,08125810213,2018-11-01,aktip
944,Rina Ramadhan,rina798@gmail.com,08120059129,2023/03/03,suspend
945,ANDI ISKANDAR,andi722@yahoo.com,08211211063,2020-05-11,pending
946,Ayu Setiawan,ayu198@hotmail.com,08217927490,2022-12-18,Nonaktif
947,Nur Sari,nur270@yahoo.com,08539311325,2020-07-21,nonaktif
948,Eko Purnomo,eko519@outlook.com,08216453804,2021-02-26,aktif
949,Rizki Permana,rizki751@gmail.com,08586170159,2022/01/20,pending
950,Rizki Ramadhan,rizki860@outlook.com,08525757475,2024/02/15,Aktif
951,eko sari,eko362@hotmail.com,08527567772,2019/08/05,Pending
952,Sari Santoso,sari808@outlook.com,08512650622,2024-08-25,Aktif
953,Siti Hartono,siti278@outlook.com,08210762484,2020-07-21,nonaktif
954,Bambang Saputra,bambang873@yahoo.com,08520511579,2021-03-31,Aktif
955,Bambang Wibowo,bambang651@gmail.com,08135496919,15 Jun 2019,AKTIF
956,Fajar Pratama,fajar994@hotmail.com,08120756335,14-08-2020,non-aktif
957,Citra Susanto,galih40@ymail.com,08212593993,2020-17-10,Nonaktif
958,Siti Setiawan,siti98@hotmail.com,08139518779,2020-12-25,nonaktif
959,Fitri Susanto,fitri373@gmail.com,08523305597,2024-04-20,Pending
960,Indah Permana,indah620@ymail.com,08213991403,15 Nov 2023,AKTIF
961,Ayu Saputra,ayu874@gmail.com,08224324006,19-11-2018,nonaktif
962,Rina Laksono,rina569@yahoo.com,08587514743,2024-20-10,AKTIF
963,Eko Pratama,eko18@gmail.com,08115875256,2024-03-03,non-aktif
964,INDaH HARtOno,indah168@yahoo.com,08125551651,2023-11-07,Nonaktif
965,Hendro Saputra,hendro406@yahoo.com,08531372143,2020-09-07,nonaktiff
966,surya santoso,surya864@yahoo.com,08520033228,01-08-2021,nonaktif
967,Rudi Santoso,rudi297@hotmail.com,08116810390,2020-05-05,NON AKTIF
968,Budi Nugroho,budi596@outlook.com,08532632809,26-02-2021,Nonaktif
969,rAtna haRTOno,ratna43@hotmail.com,08123394394,2022-18-01,aktif
970,Yuni Ramadhan,yuni864@outlook.com,08218040325,2020-25-04,Suspend
971,Ayu Setiawan,ayu401@ymail.com,08137789431,2024-11-29,suspend
972,siti iskandar,siti12@outlook.com,08114769210,2022-02-16,nonaktiff
973,TEGUH NUGROHO,teguh428@gmail.com,08220142473,2019/05/08,pending
974,sItI peRmAna,siti387@gmail.com,08117676209,2018/06/30,aktif
975,Fauzi Purnomo,fauzi208@outlook.com,08114337009,19 Nov 2022,Suspend
976,Bambang Hidayat,bambang761@gmail.com,08225195778,03-11-2019,nonaktiff
977,Fajar Hakim,fajar329@outlook.com,08512965754,2019/08/28,Pending
978,Bambang Hakim,bambang985@hotmail.com,08129425577,2024/01/18,Aktif
979,Ahmad Setiawan,ahmad881@yahoo.com,08585829236,2018-01-12,suspend
980,ratna hakim,ratna107@ymail.com,08114823571,2021/08/26,PENDING
981,Fajar Hakim,fajar536@hotmail.com,08219561372,2020/02/11,aktif
982,Ratna Kusuma,ratna938@gmail.com,08223643813,2018-04-07,aktif
983,Sri wibOwo,sri214@outlook.com,08519979907,2018-10-05,AKTIF
984,Siti Susanto,siti882@hotmail.com,08531699570,2022-04-06,SUSPEND
985,Nur Permana,nur95@gmail.com,08211765397,21-05-2018,AKTIF
986,Maya Wibowo,maya98@gmail.com,08139087182,13-03-2023,pending
987,Ayu Hakim,ayu50@outlook.com,08581872742,13-06-2018,NON AKTIF
988,Teguh Kusuma,teguh992@gmail.com,08217730626,29-06-2018,Aktif
989,Bagas Ramadhan,bagas235@hotmail.com,08121222990,2022-30-11,aktip
990,Teguh Santoso,fitri513@gmail.com,08531670468,2022-09-26,aktif
991,Mega Nugroho,mega520@yahoo.com,08131021923,2023/01/02,suspand
992,Fajar Hakim,fajar69@yahoo.com,08586180332,2021-05-15,pending
993,Rudi Santoso,rudi523@gmail.com,08128498042,2021-08-01,suspend
994,Hendra Wibowo,hendra490@hotmail.com,08211268812,05 Jun 2019,aktif
995,Rizki Permana,rizki75@ymail.com,08133653460,2022-11-04,suspend
996,RudI SaNToSO,rudi248@ymail.com,08534716906,29 Sep 2018,aktif
997,Rina Rahayu,rina403@outlook.com,08525489547,2023-26-09,nonaktif
998,Eko Hakim,eko620@ymail.com,08582751758,19 Oct 2023,non-aktif
999,Mega Susanto,mega896@outlook.com,08588355393,28-11-2021,Aktif
1000,Bagas Firmansyah,bagas286@outlook.com,08586392435,02 Feb 2024,AKTIF
